"Submission ID","Respondent ID","Submitted at","Have you ordered something online using Cash on Delivery (COD) in the past 12 months?","Have you ever refused or not received a COD order after placing it?","Thinking about the most recent COD order that you refused or did not receive, what was the main reason?","When you placed that COD order, how certain were you that you actually wanted the product?","What usually makes you hesitate about accepting a COD order when it arrives?","What usually makes you hesitate about accepting a COD order when it arrives? (I am no longer interested in the product)","What usually makes you hesitate about accepting a COD order when it arrives? (I am worried the product may not be as expected)","What usually makes you hesitate about accepting a COD order when it arrives? (I don't have the money ready)","What usually makes you hesitate about accepting a COD order when it arrives? (I have already purchased something similar)","What usually makes you hesitate about accepting a COD order when it arrives? (I don't trust the seller/product enough)","What usually makes you hesitate about accepting a COD order when it arrives? (I don't remember placing the order)","What usually makes you hesitate about accepting a COD order when it arrives? (Delivery timing is inconvenient)","What usually makes you hesitate about accepting a COD order when it arrives? (Nothing usually makes me hesitate)","What usually makes you hesitate about accepting a COD order when it arrives? (Other)","Have you ever received a COD order that you didn't remember placing?","Have you ever had difficulty receiving a delivery because the delivery person could not find or reach your address?","When you order online, how easy is it for you to provide your complete delivery address?","Where do you currently live?","How often do you shop online?"
"gbgJb04","kd4V5oZ","2026-09-09 17:01:37","Yes","Yes, more than once","I was unsure about the product's quality, size, colour, etc.","Somewhat certain","I am worried the product may not be as expected","false","true","false","false","false","false","false","false","false","No","Yes, sometimes","Sometimes difficult","Metro / large city","1–2 times a month"
"4aE9QOb","kd4V5oZ","2026-09-09 17:05:26","No","No, never","","","","","","","","","","","","","","","","",""
"5Xrebob","kd4V5oZ","2026-09-09 17:05:50","No","Yes, once","","","","","","","","","","","","","","","","",""
"aOkA4Eq","81Y06qr","2026-09-09 17:13:50","No","Yes, once","","","","","","","","","","","","","","","","",""
"o9g5RYO","81Y06qr","2026-09-09 17:14:57","Yes","Yes, more than once","I was not available to receive it","Very certain","I don't have the money ready, I don't remember placing the order, Delivery timing is inconvenient","false","false","true","false","false","true","true","false","false","Yes","Yes, many times","Very easy","Smaller city / town","Less than once a month"
"J1Gely4","VLakbva","2026-09-09 17:15:31","Yes","Yes, once","I found the same/similar product cheaper elsewhere","Very certain","I am worried the product may not be as expected","false","true","false","false","false","false","false","false","false","No","Yes, sometimes","Sometimes difficult","Metro / large city","More than 5 times a month"
"o9g5RXV","5BYyeeP","2026-09-09 17:15:39","Yes","Yes, once","I was not available to receive it","Very certain","I am worried the product may not be as expected","false","true","false","false","false","false","false","false","false","Yes","Yes, sometimes","Very easy","Smaller city / town","Less than once a month"
"aOkA2OE","ODZWbVk","2026-09-09 17:16:00","Yes","Yes, once","I was unsure about the product's quality, size, colour, etc.","Somewhat certain","I am no longer interested in the product","true","false","false","false","false","false","false","false","false","No","Yes, sometimes","Sometimes difficult","Smaller city / town","More than 5 times a month"
"xVgRYW9","zxAa16k","2026-09-09 17:21:35","Yes","No, never","I was not available to receive it","Somewhat certain","I am no longer interested in the product","true","false","false","false","false","false","false","false","false","No","Yes, sometimes","Easy","Metro / large city","3–5 times a month"
"DqbxNrb","aQ18zry","2026-09-09 17:28:23","Yes","No, never","order didn't arrive","Very certain","It is not delivered","false","false","false","false","false","false","false","false","true","No","Once or twice","Easy","Village / rural area","Less than once a month"
"6D4WkoA","rjQxq9R","2026-09-09 17:34:27","Yes","No, never","I had already purchased something similar","I was just trying it out / wasn't sure","money toh hote hai but wo delivery wale ke pass bc khule hi nhi hote kabhi bhi online hi bolta hai hamesha krne ko ye bhi ek one of reason hai🥲wese other ka option hai but still","false","false","false","false","false","false","false","false","true","Yes","Never","Very easy","Metro / large city","3–5 times a month"
"J1GeLqr","Xx7K9NO","2026-09-09 17:38:06","Yes","Yes, once","I changed my mind and no longer wanted the product","Somewhat certain","I am worried the product may not be as expected","false","true","false","false","false","false","false","false","false","No","Yes, sometimes","Sometimes difficult","Metro / large city","1–2 times a month"
"RW2bBdd","eqGdPG0","2026-09-09 17:47:34","No","Yes, more than once","","","","","","","","","","","","","","","","",""
"Gekq5Bp","44Yg0LO","2026-09-09 18:08:36","Yes","Yes, once","I was unsure about the product's quality, size, colour, etc.","Not very certain","I don't trust the seller/product enough","false","false","false","false","true","false","false","false","false","Yes","Yes, many times","Easy","Smaller city / town","1–2 times a month"
"KpOWEZM","Me29kl0","2026-09-09 18:57:12","No","No, never","","","","","","","","","","","","","","","","",""
"vXgJQ9d","J9raqkR","2026-09-09 19:15:51","Yes","Yes, more than once","I was not available to receive it","Very certain","I have already purchased something similar","false","false","false","true","false","false","false","false","false","Not sure","Yes, many times","Sometimes difficult","Smaller city / town","1–2 times a month"
"o9gk9JM","BzYOpGQ","2026-09-09 19:30:44","No","No, never","","","","","","","","","","","","","","","","",""
"X59zY9O","MeZKeQg","2026-09-09 23:45:22","Yes","Yes, more than once","I changed my mind and no longer wanted the product","Somewhat certain","I don't trust the seller/product enough","false","false","false","false","true","false","false","false","false","No","Yes, many times","Easy","Metro / large city","More than 5 times a month"
"Z9WDv7A","vG6jrQQ","2026-09-10 00:12:09","Yes","Yes, more than once","I changed my mind and no longer wanted the product","I was just trying it out / wasn't sure","Nothing usually makes me hesitate, Delivery timing is inconvenient, I don't remember placing the order, I don't trust the seller/product enough","false","false","false","false","true","true","true","true","false","Yes","Never","Easy","Smaller city / town","1–2 times a month"
"vXgK5JA","D4O25Eb","2026-09-10 01:28:06","Yes","Yes, more than once","I was not available to receive it","Somewhat certain","Nothing usually makes me hesitate","false","false","false","false","false","false","false","true","false","No","Yes, many times","Sometimes difficult","Village / rural area","1–2 times a month"
"KpOkj1z","q4QZWRY","2026-09-10 01:31:46","No","No, never","","","","","","","","","","","","","","","","",""
"WJQ1LOk","5B0KGEP","2026-09-10 01:41:27","Yes","No, never","I was not available to receive it","Very certain","Nothing usually makes me hesitate","false","false","false","false","false","false","false","true","false","No","Never","Sometimes difficult","Smaller city / town","1–2 times a month"
"aOkzxyW","7R0l5Bz","2026-09-10 03:22:56","Yes","Yes, more than once","I found the same/similar product cheaper elsewhere","Somewhat certain","Nothing usually makes me hesitate","false","false","false","false","false","false","false","true","false","Not sure","Never","Easy","Metro / large city","1–2 times a month"
"lagzp9B","ja4aZ7Q","2026-09-10 05:56:39","No","No, never","","","","","","","","","","","","","","","","",""
"0VGkXkA","4404QgA","2026-09-10 06:01:05","Yes","Yes, more than once","I found the same/similar product cheaper elsewhere","Very certain","I am worried the product may not be as expected","false","true","false","false","false","false","false","false","false","No","Yes, sometimes","Very easy","Metro / large city","3–5 times a month"
"e5yz1xQ","ZjkjEMy","2026-09-10 06:15:20","Yes","Yes, more than once","I found the same/similar product cheaper elsewhere","Somewhat certain","I don't have the money ready","false","false","true","false","false","false","false","false","false","No","Once or twice","Easy","Smaller city / town","1–2 times a month"
"X59QVRP","PdQd1oQ","2026-09-10 06:15:29","Yes","No, never","Never happened","Very certain","Never happened","false","false","false","false","false","false","false","false","true","No","Never","Very easy","Metro / large city","1–2 times a month"
"pe5zjzB","aQJQ5bE","2026-09-10 06:16:05","Yes","No, never","I was not available to receive it","Not very certain","I am worried the product may not be as expected","false","true","false","false","false","false","false","false","false","No","Once or twice","Very easy","Smaller city / town","1–2 times a month"
"BE6eO9Q","ja4aoD6","2026-09-10 06:16:12","Yes","Yes, more than once","I changed my mind and no longer wanted the product","Not very certain","I am worried the product may not be as expected","false","true","false","false","false","false","false","false","false","No","Yes, sometimes","Sometimes difficult","Metro / large city","Less than once a month"
"RW2jXOv","GxExpdL","2026-09-10 06:17:39","Yes","No, never","I changed my mind and no longer wanted the product","Not very certain","I don't trust the seller/product enough, Nothing usually makes me hesitate","false","false","false","false","true","false","false","true","false","Yes","Once or twice","Very easy","Metro / large city","More than 5 times a month"
"7XjPRz2","6808ZvY","2026-09-10 06:25:26","Yes","No, never","I had already purchased something similar","Somewhat certain","Nothing usually makes me hesitate","false","false","false","false","false","false","false","true","false","Not sure","Yes, many times","Easy","Metro / large city","Less than once a month"
"dbgRErV","eqOqRJo","2026-09-10 06:35:27","Yes","No, never","I was not available to receive it","Somewhat certain","Delivery timing is inconvenient, Nothing usually makes me hesitate","false","false","false","false","false","false","true","true","false","No","Yes, sometimes","Easy","Metro / large city","Less than once a month"
"q5gNDlG","ODqDzlM","2026-09-10 06:43:24","No","No, never","","","","","","","","","","","","","","","","",""
"RW2rYKd","PdQdX1Q","2026-09-10 07:22:59","Yes","No, never","The delivery partner refused to deliver at the location","Very certain","Nothing usually makes me hesitate","false","false","false","false","false","false","false","true","false","Not sure","Yes, sometimes","Very easy","Metro / large city","3–5 times a month"
"dbgRjAV","Y5B5Mrz","2026-09-10 07:24:10","Yes","Yes, more than once","I changed my mind and no longer wanted the product","Very certain","I am no longer interested in the product","true","false","false","false","false","false","false","false","false","No","Yes, sometimes","Very easy","Village / rural area","1–2 times a month"
"2jVRbRA","44041zo","2026-09-10 07:37:35","Yes","Yes, once","I was unsure about the product's quality, size, colour, etc.","Somewhat certain","I am worried the product may not be as expected, I don't trust the seller/product enough, Delivery timing is inconvenient","false","true","false","false","true","false","true","false","false","Yes","Yes, many times","Easy","Smaller city / town","1–2 times a month"
"xVg696o","PdQd8zx","2026-09-10 07:41:42","Yes","No, never","i received all of the cod orders i placed","Somewhat certain","I am worried the product may not be as expected","false","true","false","false","false","false","false","false","false","Yes","Yes, sometimes","Easy","Smaller city / town","Less than once a month"
"jegE5QR","5B0BErP","2026-09-10 07:44:17","No","No, never","","","","","","","","","","","","","","","","",""
"7XjPpb2","q4Q4o65","2026-09-10 07:52:01","Yes","Yes, more than once","I found the same/similar product cheaper elsewhere","Not very certain","I am no longer interested in the product, I don't have the money ready","true","false","true","false","false","false","false","false","false","Yes","Yes, many times","Sometimes difficult","Metro / large city","1–2 times a month"
"4aEG0lO","PdQdyVB","2026-09-10 08:39:53","Yes","Yes, more than once","I did not have the cash/payment ready","Somewhat certain","I don't remember placing the order","false","false","false","false","false","true","false","false","false","Yes","Never","Easy","Village / rural area","1–2 times a month"
"X599rAe","Bzozv7R","2026-09-10 09:40:10","Yes","No, never","I found the same/similar product cheaper elsewhere","Somewhat certain","Nothing usually makes me hesitate","false","false","false","false","false","false","false","true","false","No","Once or twice","Sometimes difficult","Smaller city / town","1–2 times a month"
"e5yyaVe","ja4a19Q","2026-09-10 09:52:36","Yes","Yes, once","I had already purchased something similar","Very certain","I am worried the product may not be as expected, I have already purchased something similar","false","true","false","true","false","false","false","false","false","Yes","Yes, sometimes","Easy","Smaller city / town","1–2 times a month"
"EqAAQNr","xXbXevd","2026-09-10 09:59:09","No","No, never","","","","","","","","","","","","","","","","",""
"Vpqq5Dy","Y5B5LkN","2026-09-10 09:59:13","Yes","No, never","I was not available to receive it","Very certain","Delivery timing is inconvenient, Nothing usually makes me hesitate","false","false","false","false","false","false","true","true","false","No","Once or twice","Easy","Metro / large city","1–2 times a month"
"OQrrB17","lb2aBgX","2026-09-10 10:27:42","Yes","No, never","Not Applicable","Somewhat certain","Nothing usually makes me hesitate","false","false","false","false","false","false","false","true","false","Yes","Yes, many times","Easy","Metro / large city","More than 5 times a month"
"Vpqqbe6","xXbVJrd","2026-09-10 10:46:23","No","No, never","","","","","","","","","","","","","","","","",""
"NqEEQXb","680DkxJ","2026-09-10 11:14:33","Yes","Yes, once","I changed my mind and no longer wanted the product","Very certain","I am worried the product may not be as expected","false","true","false","false","false","false","false","false","false","No","Yes, many times","Easy","Metro / large city","3–5 times a month"
"7XjjAqz","obN90Ee","2026-09-10 11:44:15","No","No, never","","","","","","","","","","","","","","","","",""
"Araa1zN","ODqQdO7","2026-09-10 11:58:22","No","Yes, more than once","","","","","","","","","","","","","","","","",""
"7Xje1DL","EkVqOx4","2026-09-10 13:10:09","Yes","No, never","I changed my mind and no longer wanted the product","Somewhat certain","Nothing usually makes me hesitate","false","false","false","false","false","false","false","true","false","Yes","Yes, many times","Sometimes difficult","Metro / large city","More than 5 times a month"
"yXgGGN0","rj9D7QN","2026-09-10 13:30:19","Yes","No, never","I forgot that I had placed the order","I don't remember","Nothing usually makes me hesitate","false","false","false","false","false","false","false","true","false","No","Never","Very easy","Smaller city / town","3–5 times a month"
"M1PlOYp","gDPdvbd","2026-09-10 23:43:15","No","Yes, once","","","","","","","","","","","","","","","","",""
"X597PXg","q4QGNQd","2026-09-11 06:00:40","Yes","Yes, once","I changed my mind and no longer wanted the product","Not very certain","I don't trust the seller/product enough","false","false","false","false","true","false","false","false","false","Yes","Yes, many times","Very difficult","Metro / large city","More than 5 times a month"